,country,page,rev_id
272,Rhodesian,Gervas Clay,574571582
384,Faroese,"List of members of the Løgting, 1974–78",643932216
385,Faroese,"List of members of the Løgting, 1978–80",643932220
386,Faroese,"List of members of the Løgting, 1980–84",643932225
387,Faroese,"List of members of the Løgting, 1984–88",643932226
388,Faroese,"List of members of the Løgting, 1990–94",643932239
389,Faroese,"List of members of the Løgting, 1994–98",643932242
398,Cape Colony,James Bisset (mayor),647367482
415,Cape Colony,Augustus Joseph Tancred,651250302
420,Cape Colony,Johan Conrad Silberbauer,653467222
457,Cape Colony,James Cotterell Hoole,666596918
499,Rhodesian,Harry Davies (politician),669387487
516,Cape Colony,Patrick Goold,670210734
563,Montserratian,Speaker of the Legislative Assembly of Montserrat,674919905
578,Cape Colony,Andries Botha,676828191
614,Cape Colony,Charles William Hutton,680205631
616,Pitcairn Islands,Chairman of the Island Council (Pitcairn),680532939
632,Rhodesian,William Fairbridge,682576258
742,Cape Colony,John Blades Currey,693624260
755,Abkhazia,Zaur Avidzba,694519009
857,Faroese,"List of members of the Løgting, 1998–2002",698865505
947,Faroese,Tórbjørn Poulsen,700400143
972,Faroese,Demmus Hentze,701771698
1003,Niuean,Young Vivian,703037968
1022,Ivorian,Noel Ahipeaud,703133769
1053,Carniolan,Simon Jenko,703436823
1145,South African Republic,Thomas François Burgers,704636517
1178,Abkhazia,Zaur Ardzinba,704938340
1520,Incan,Vicente Flores,706771757
1610,Chechen,Khozh-Ahmed Noukhayev,707217873
1869,Ivorian,Tuo Fozié,708711840
1870,Jersey,Terry Le Main,708727189
1871,Jersey,Paul Routier,708727221
1881,Jersey,Mike Vibert,708766654
2130,Jersey,Sean Power (Jersey),710334019
2161,Jersey,Leonard Norman,710503170
2178,Guernsey,Mike Torode,710546915
2187,Ivorian,Léon Emmanuel Monnet,710585105
2356,Rhodesian,Washington Malianga,711506001
2451,Rhodesian,Ronald Snapper,712233907
2555,Montserratian,Peter Waterworth,712713704
2688,Ivorian,Pierre Djédji Amondji,713176326
2813,Carniolan,Ivan Hribar,713766077
2870,Faroese,Andrias Christian Evensen,714088539
2889,Ivorian,Auguste Denise,714183793
2893,Ivorian,Philippe Yacé,714200423
3066,Ivorian,Jean-Baptiste Mockey,714822110
3182,Cape Colony,Joseph Orpen,715016315
3245,Faroese,Hákun Djurhuus,715330944
3305,Faroese,Jógvan Justinusson,715490721
3430,Pitcairn Islands,Edgar Allen Christian,715823848
3431,Pitcairn Islands,Frederick Martin Christian,715823876
3432,Pitcairn Islands,John Lorenzo Christian,715823908
3508,Faroese,Andrass Samuelsen,716137698
3554,Carniolan,Gregor Žerjav,716507073
3571,Carniolan,Karel Dežman,716574519
3612,South African Republic,Willem Cornelis Janse van Rensburg,716703178
3721,South Ossetian,Stanislav Kochiev,717215546
3725,South Ossetian,Valeriy Hubulov,717241760
3733,Pitcairn Islands,Benjamin Stanley Young,717259837
3740,Pitcairn Islands,Edward Quintal,717338734
3741,Pitcairn Islands,Arthur Quintal I,717340951
3742,Pitcairn Islands,Fletcher Christian II,717340996
3743,Pitcairn Islands,Moses Young,717341064
3754,Pitcairn Islands,Matthew McCoy (Magistrate),717345596
3755,Pitcairn Islands,Arthur Quintal II,717346443
3773,Carniolan,Josip Vilfan,717350390
3774,Pitcairn Islands,Charles Christian II,717350782
3864,Cook Island,Tou Travel Ariki,717545630
3886,Cook Island,Piho Rua,717593716
3915,Carniolan,Luka Svetec,717669055
3988,Pitcairn Islands,Norris Henry Young,717867039
3998,Cook Island,Robert Woonton,717897925
4009,Jersey,Ben Shenton,717911161
4133,Cape Colony,Klaas Afrikaner,718462130
4328,Guernsey,Laurie Morgan,719122168
4342,Cook Island,Ngereteina Puna,719186872
4363,Montserratian,Christopher J. Turner,719256142
4458,Pitcairn Islands,Arthur Galsworthy,719706841
4673,Jersey,Robert Le Masurier,720430005
4674,Tokelauan,John Allen (diplomat),720435378
4933,Abkhazia,Zurab Achba,721094337
5054,South Ossetian,Rostislav Khugayev,721687759
5116,Faroese,Álvur Kirke,721938213
5203,Guernsey,Peter Harwood,722295712
5212,Faroese,Rikard Long,722336332
5213,Faroese,Sigurð Joensen,722336979
5284,Faroese,Jógvan Poulsen (1854–1941),722590461
5326,Guernsey,Martin Storey (politician),722806951
5368,Jersey,Kevin C. Lewis,722988899
5528,Cape Colony,Christian Groepe,723563811
5529,Dagestani,Karim Mammadbeyov,723563977
5594,Abkhazia,Shota Shamatava,723736482
5859,Faroese,Jacob Vestergaard,724674137
5919,Jersey,Rob Duhamel,724891592
5940,Cape Colony,William Hume (Cape politician),724976433
5955,Faroese,Johan Simonsen,725030656
6110,Faroese,Kári P. Højgaard,725288194
6169,Ivorian,Séry Bailly,725560428
6205,Jersey,Patrick J. D. Ryan,725737326
6223,Guernsey,William Carey (Bailiff of Guernsey),725970969
6225,Montserratian,Howard Fergus,725980651
6271,Carniolan,Janez Evangelist Krek,726434981
6581,Greenlandic,List of Danish High Commissioners in Greenland,728026000
6617,Cook Island,List of Presidents of the House of Ariki,728378933
6730,Ivorian,Laurent Akoun,729142061
6747,Faroese,Kristin Michelsen,729422866
6749,Guernsey,David Jones (Guernsey politician),729428763
6750,Carniolan,Etbin Henrik Costa,729435354
7016,Pitcairn Islands,Jonathan Sinclair,731458576
7063,Cape Colony,James Sivewright,731817397
7070,Cape Colony,William Downes Griffith,731908828
7089,Tokelauan,Neil Walter,732100626
7336,Ivorian,Daniel Aka Ahizi,733596387
7485,Faroese,Lisbeth L. Petersen,734668075
7548,Ivorian,Bamba Mamadou,735408389
7568,Faroese,Símun av Skarði,735578210
7741,South African Republic,Harry Struben,736854878
7772,Jersey,Philippe de Carteret II,737014330
7792,Montserratian,Ashley Greenwood,737169369
7806,Cape Colony,John Sweet Distin,737348283
8081,Cook Island,Tangaroa Tangaroa,737975585
8252,Carniolan,Mihael Preiss,738955897
8535,Jersey,Connétable (Jersey and Guernsey),740998059
8641,Carniolan,Karel Lavrič,741794691
8713,Greenlandic,Gunnar Martens,742150479
8753,Jersey,Alan J. H. Maclean,742413962
8802,Guernsey,Lyndon Trott,742737553
8822,Guernsey,Jonathan Le Tocq,742872067
8823,Guernsey,Graham Dorey,742872751
8837,Ossetian,Alan Parastaev,743018109
8883,Ivorian,Simeon Aké,743428650
9044,Tokelauan,Tim Francis,744394596
9099,Ivorian,Martial Joseph Ahipeaud,744522699
9144,Carniolan,Lovro Toman,744636212
9188,Ivorian,Innocent Anaky,744920472
9256,Jersey,Michel Couriard,745348113
9552,Cape Colony,John Thomas Eustace,746923352
9649,Rhodesian,Gerald B. Clarke,747497059
9728,Carniolan,Bogumil Vošnjak,747945423
9757,South Ossetian,Boris Chochiev,748071193
9794,Pitcairn Islands,Simon Young (magistrate),748179514
9862,Guernsey,De Vic Carey,748457839
9867,Faroese,Finnbogi Ísakson,748477895
9976,Pitcairn Islands,Brian Young (magistrate),749046736
10271,Ivorian,First Lady of Ivory Coast,749766207
10325,South Ossetian,Yury Morozov,749962491
10366,Faroese,"List of members of the Løgting, 1988–90",750074079
10424,Faroese,Brandur Sandoy,750167873
10443,Cape Colony,Jeremias Ziervogel,750299694
10534,Ivorian,Queen Pokou,750972336
10610,Pitcairn Islands,Joshua Hill (Pitcairn Island leader),751464749
10986,Jersey,Guy de Faye,754330569
11038,Pitcairn Islands,George Fergusson (diplomat),754790610
11057,Pitcairn Islands,James Russell McCoy,754935959
11058,Pitcairn Islands,Matthew Edmond McCoy,754935982
11067,Faroese,"List of members of the Løgting, 2015–19",754952121
11068,Faroese,"List of members of the Løgting, 2011–15",754952298
11069,Faroese,"List of members of the Løgting, 2008–11",754952557
11070,Faroese,"List of members of the Løgting, 2004–08",754952620
11071,Faroese,"List of members of the Løgting, 2002–04",754952690
11117,Abkhazia,Sumbat Saakian,755193428
11179,Cook Island,Speaker of the Cook Islands Parliament,755442454
11183,Ivorian,Émile Boga Doudou,755479236
11210,Carniolan,Fran Levstik,755713654
11296,Ivorian,Adrien Jules Jean Bonhoure,756060260
11410,Faroese,Bárður á Steig Nielsen,756602743
11464,Faroese,Edmund Joensen,756654638
11467,Faroese,Jørgen Niclasen,756654880
11634,Greenlandic,Sara Olsvig,756830216
11848,Cook Island,Maria Heather,757064438
11849,Cook Island,Tetangi Matapo,757064793
11850,Cook Island,Selina Napa,757064845
11851,Cook Island,Dorice Reid,757065079
11852,Cook Island,Ngai Tupa,757065152
11881,Montserratian,Teresina Bodkin,757086597
11882,Montserratian,Shirley Osborne,757086621
11886,Greenlandic,Kathrine Chemnitz,757102071
11889,Greenlandic,Augusta Salling,757103267
12656,Ossetian,Taymuraz Mamsurov,757343822
12855,Greenlandic,Agathe Fontain,757539811
12859,Greenlandic,Ane Hansen (politician),757539958
12872,Cook Island,Cassey Eggelton,757540405
13263,Cape Colony,Henry Latham Currey,757832561
13762,Ivorian,Seydou Diarra,760303900
13763,Ivorian,Gilbert Aké,760304267
13779,Ivorian,Jeannot Ahoussou-Kouadio,760393381
13790,South Ossetian,Aleksandr Shavlokhov,760473086
13791,South Ossetian,Merab Chigoev,760473130
13792,South Ossetian,Gerasim Khugayev,760473192
13793,South Ossetian,Igor Sanakoyev,760473237
13794,South Ossetian,Zurab Kokoyev,760473273
14052,Montserratian,Adrian Davis (governor),762009545
14202,Chechen,Alibek Delimkhanov,762868684
14208,Guernsey,Bailiff of Guernsey,762910285
14348,Rhodesian,Francis Chaplin,763530115
14352,Rhodesian,Roger Hawkins (politician),763533706
14356,Rhodesian,George Mitchell (Rhodesia),763540238
14406,Greenlandic,Asii Chemnitz Narup,763742018
14414,Niuean,Robert Rex,763768679
14415,Cook Island,Norman George,763769083
14416,Cook Island,John Tangi,763769086
14417,Cook Island,Vai Peua,763769088
14418,Cook Island,Teariki Heather,763769233
14420,Cook Island,George Angene,763769688
14421,Cook Island,Albert (Peto) Nicholas,763770488
14423,Cook Island,Tupou Faireka,763774025
14424,Cook Island,Mark Brown (Cook Islands),763774066
14425,Cook Island,Nandi Glassie,763774069
14426,Cook Island,Apii Piho,763775030
14427,Cook Island,Winton Pickering,763775034
14428,Cook Island,Albert Nicholas (Cook Islands),763775035
14429,Cook Island,Vincent Ingram,763775867
14430,Cook Island,Terepai Maoate Jnr,763775893
14431,Cook Island,Toanui Isamaela,763776103
14432,Cook Island,Tangata Vavia,763776191
14433,Cook Island,Taunga Toka,763776193
14434,Cook Island,Teremoana Tapi Taio,763776229
14435,Cook Island,Tepure Tapaitau,763776231
14436,Cook Island,Mapu Taia,763776235
14437,Cook Island,Pupuke Robati,763776270
14438,Cook Island,Wilkie Rasmussen,763776271
14440,Cook Island,Tai Tura,763776737
14441,Cook Island,Tekii Lazaro,763776768
14442,Cook Island,Kura Strickland,763776806
14443,Cook Island,Mii Parima,763776808
14444,Cook Island,Joe Williams (Cook Islands politician),763776856
14445,Cook Island,Kiriau Turepu,763776860
14462,Rhodesian,John Landau,763870152
14483,Rhodesian,Byron Hove,763951988
14551,Ivorian,Henri Konan Bédié,764345360
14587,Pitcairn Islands,Richard Fell,764601118
14795,Cape Colony,Henry Juta,765333482
14844,Chechen,Beibulat Taimiev,765616552
14915,Faroese,Jóannes Eidesgaard,765947137
14916,Faroese,Jógvan á Lakjuni,765947416
14957,Niuean,Atapana Siakimotu,766068997
14958,Niuean,Ahohiva Levi,766068998
14959,Niuean,Bill Vakaafi Motufoou,766069253
14960,Niuean,Pokotoa Sipeli,766069256
14961,Niuean,Terry Coe,766069372
14962,Niuean,Togiavalu Pihigia,766069407
14963,Niuean,Hima Douglas,766069520
14964,Niuean,Dalton Tagelagi,766069576
14980,South Ossetian,Lyudvig Chibirov,766130279
15056,Jersey,Vernon Tomes,766480006
15073,Ivorian,Affoussiata Bamba-Lamine,766524815
15123,Cook Island,Inatio Akaruru,766806728
15130,Rhodesian,Hilary Squires,766847256
15161,Cook Island,Terepai Maoate,767048874
15162,Cook Island,Deputy Prime Minister of the Cook Islands,767048881
15224,Ivorian,Lambert Amon Tanoh,767265950
15367,Cape Colony,Simeon Jacobs,767856232
15400,Cook Island,Atatoa Herman,767994335
15509,Ivorian,Jean-Louis Billon,768302622
15584,Guernsey,Ambrose Sherwill,768625520
15595,Montserratian,David G. P. Taylor,768679602
15812,Carniolan,Ivan Tavčar,769425247
15864,Ivorian,Robert Beugré Mambé,769591168
15957,Niuean,Michael Jackson (journalist),770018880
15977,Montserratian,Sarita Francis,770131970
16104,Ivorian,Abdourahmane Cissé,770710515
16113,Greenlandic,Aleqa Hammond,770757601
16231,Tokelauan,Duncan MacIntyre (New Zealand politician),770994352
16263,Cape Colony,William Schreiner,771024710
16316,Niuean,Enetama Lipitoa,771152922
16376,Montserratian,David Brandt (politician),771351774
16377,Montserratian,Bertrand Osborne,771351955
16378,Montserratian,Percival Austin Bramble,771352057
16422,Tokelauan,Russell Marshall,771460602
16600,Chechen,Isa Gendergenoevsky,772274868
16633,South African Republic,"Kruger House, Pretoria",772410051
16856,Jersey,Philip Bailhache,773230341
16882,Jersey,Jean Poingdestre,773316732
17011,Faroese,Anfinn Kallsberg,773895078
17253,Ossetian,Head of the Republic of North Ossetia-Alania,774555176
17256,Jersey,Peter Hanning,774568909
17317,Ivorian,Vice-President of Ivory Coast,774756970
17336,Rhodesian,Cecil Dennistoun Burney,774837666
17471,Cape Colony,George Strahan,775481498
17590,Niuean,Sani Lakatani,775947817
17707,South African Republic,Boekenhoutfontein,776299184
17728,Ivorian,Jean Konan Banny,776348888
17827,Cape Colony,John Bardwell Ebden,776725178
18134,Carniolan,Josip Jurčič,777587526
18136,Carniolan,Josip Vošnjak,777588436
18430,Greenlandic,Katrine Larsen Lenner,778461046
18523,Cook Island,Kete Ioane,778717694
18529,Cook Island,Tom Davis (Cook Islands politician),778763952
18548,Cook Island,Niki Rattle,778789714
18649,Cape Colony,Jan Hendrik Hofmeyr (Onze Jan),779046359
18654,Pitcairn Islands,William Alfred Young,779056744
18770,Niuean,O'Love Jacobsen,779369629
18771,Niuean,Sisilia Talagi,779369671
18772,Niuean,Salilo Tongia,779369724
18773,Niuean,Va'aiga Tukuitonga,779369750
19097,Ivorian,Jacqueline Oble,779741800
19290,Rhodesian,Mark Partridge,780260926
19299,Carniolan,Janez Bleiweis,780281974
19325,Faroese,Kaj Leo Johannesen,780361487
19370,Greenlandic,Maliina Abelsen,780537008
19371,Faroese,Rigmor Dam,780543271
19372,Faroese,Hanna Jensen,780543417
19373,Faroese,Sonja Jógvansdóttir,780543635
19374,Faroese,Karin Kjølbro,780543692
19652,Montserratian,Winston Pond,781452925
19773,Faroese,Jóannes Patursson,781915668
19980,Chechen,Ibragim Khultygov,782430810
20062,Rhodesian,Prime Minister of Rhodesia,782602484
20079,Ossetian,Akhsarbek Galazov,782634776
20130,Pitcairn Islands,Governor of Pitcairn,782764117
20294,Rhodesian,Leo Cardwell Ross,783150296
20295,Rhodesian,Josiah Gondo,783150589
20334,Cape Colony,Charles Abercrombie Smith,783249147
20335,Cape Colony,Charles Brownlee,783250295
20370,Rhodesian,Dunduzu Chisiza,783301534
20418,South African Republic,State President of the South African Republic,783371989
20652,Pitcairn Islands,Martin Williams (diplomat),783746509
20689,Montserratian,Mary Rose Tuitt,783821985
20717,Incan,María Sumire,783850857
20754,Chechen,Movladi Udugov,783907075
20803,Jersey,Dean of Jersey,784051930
20850,Chechen,Doku Zavgayev,784167327
20922,Ivorian,Ernest Boka,784395089
20939,Faroese,Erlendur Patursson,784440060
20950,Jersey,"Alexander Coutanche, Baron Coutanche",784462137
20978,Rhodesian,Allan Ross Welsh,784562559
21043,Cook Island,Frederick Tutu Goodwin,784686871
21048,Guernsey,Geoffrey Rowland,784691815
21050,Cape Colony,George Cathcart,784693349
21070,Cape Colony,Henry Torrens,784726341
21088,Rhodesian,John Moore Caldicott,784757829
21089,Rhodesian,John Ralph Beaumont,784758963
21094,Cape Colony,Frederick Schermbrucker,784765242
21100,Rhodesian,Leonard Ray Morgan,784769027
21102,Guernsey,List of Bailiffs of Guernsey,784770354
21118,Cook Island,Ngamau Munokoa,784786128
21133,Rhodesian,Raleigh Grey,784826325
21140,Cape Colony,Richard Solomon (Attorney General),784829553
21141,Rhodesian,Robert Clarkson Tredgold,784830601
21143,Rhodesian,Robert James Hudson,784831407
21154,Jersey,Terry Le Sueur,784849252
21158,Montserratian,Tony Longrigg,784856577
21159,Cape Colony,Walter Hely-Hutchinson,784862369
21163,Rhodesian,William Harper (Rhodesian politician),784870217
21168,Montserratian,Deborah Barnes-Jones,784875662
21200,Rhodesian,Rowan Cronjé,784974615
21293,Dagestani,Aziz Aliyev,785202362
21451,Pitcairn Islands,David Aubrey Scott,785508390
21456,Dagestani,Mukhu Aliyev,785532389
21478,Cape Colony,Henry White (Cape Treasurer General),785566972
21722,Cape Colony,Jacobus Wilhelmus Sauer,786142993
21743,Jersey,Don Filleul,786175308
21752,Abkhazia,Zakan Jugelia,786203824
21761,Chechen,Head of the Chechen Republic,786231010
21823,Tokelauan,Guy Powles,786375181
21929,Rhodesian,Edgar Whitehead,786601705
21942,Cook Island,Henry Puna,786648340
21947,Rhodesian,Henry Hamilton Beamish,786659504
22000,Cape Colony,Charles Lennox Stretch,786803200
22094,Cape Colony,John Tengo Jabavu,786916027
22126,Cape Colony,Philip John Stigant,786972727
22159,Jersey,Augustus Asplet Le Gros,787012860
22177,Jersey,Philippe Langlois,787046159
22178,Cook Island,Moana Ioane,787050138
22210,Rhodesian,Lionel Cripps,787105083
22229,Rhodesian,A. R. Colquhoun,787147677
22246,Chechen,Mairbek Sheripov,787163671
22296,Cook Island,Marguerite Story,787227714
22366,Ivorian,François Amichia,787310676
22607,Greenlandic,Agnethe Davidsen,787423025
22619,Ivorian,Aboubakar Diaby Ouattara,787437447
22709,Cape Colony,Henry Pottinger,787552653
22726,South African Republic,Transvaal Civil War,787611475
22876,Rhodesian,John McChlery,787854502
22976,Guernsey,Diane Lewis (Guernsey legislator),787954113
22977,Guernsey,Wendy Morgan (politician),787954138
22980,Jersey,Sarah Craig Ferguson,787955357
22981,Jersey,Wendy Kinnard,787955613
22983,Jersey,Iris Le Feuvre,787956265
22984,Jersey,Judy Martin (politician),787956300
22985,Jersey,Kristina Moore,787956364
22986,Jersey,Susan Pinel,787956392
22987,Jersey,Shona Pitman,787956492
22988,Jersey,Anne Pryke,787956513
22989,Jersey,Corrie Stein,787956597
22991,Jersey,Tracey Vallois,787957954
23169,Ivorian,Youssouf Bakayoko,788065543
23192,Cape Colony,Thomas Charles Scanlen,788098639
23372,Cook Island,Apenera Short,788240713
23474,Pitcairn Islands,Harold Smedley,788318957
23478,Ivorian,Chantal Compaoré,788330706
23494,Cape Colony,Saul Solomon,788361321
23553,Ivorian,Désiré Tagro,788421683
23585,Guernsey,Peter de Havilland,788446515
23603,Ivorian,Mamadou Koulibaly,788462808
23674,Ivorian,Pascal Affi N'Guessan,788498433
23676,Cook Island,Mana Strickland,788499686
23878,Cape Colony,Thomas Upington,788717893
24686,Ivorian,Étienne Djaument,788825623
24697,Ivorian,Victor Biaka Boda,788825785
24744,Ivorian,Loubo Augustin Djessou,788827789
25406,Cook Island,William (Smiley) Heather,788897273
25407,Cook Island,Rose Toki-Brown,788897549
25409,Cook Island,Teina Bishop,788898457
25412,Cook Island,Pumati Israela,788899523
26001,Montserratian,William Henry Bramble,788976365
26048,Faroese,Niels Winther Poulsen,789029085
26053,Abkhazia,Raul Eshba,789039267
26070,Carniolan,Andrej Einspieler,789072979
26106,Cape Colony,Andries Stockenström (judge),789120101
26237,Cape Colony,Robert Wynyard,789258720
26276,Carniolan,Ivan Lorković,789263095
26540,Carniolan,Janko Kersnik,789273199
27159,Faroese,Bjørt Samuelsen,789306157
27214,Faroese,Jenis av Rana,789307497
27215,Faroese,Heðin Mortensen,789307569
27216,Faroese,Rasmus Effersøe,789307632
27221,Faroese,Trygvi Samuelsen,789308387
27222,Faroese,Eilif Samuelsen,789308554
27281,Faroese,Jógvan Skorheim,789310556
27397,Chechen,Alu Alkhanov,789327678
27407,Chechen,Adam Delimkhanov,789328171
27408,Ossetian,Alexander Dzasokhov,789328182
27439,Dagestani,Magomedali Magomedov,789329935
27745,Ivorian,Aké Loba,789476691
27796,Rhodesian,Jeremiah Chirau,789545107
28036,Cape Colony,"John de Villiers, 1st Baron de Villiers",789675927
28037,Carniolan,Ivan Šusteršič,789681987
28040,Rhodesian,Winston Field,789689591
28047,Faroese,Louis Zachariasen,789708924
28115,Jersey,"Sir Philip Carteret, 1st Baronet",789753704
28116,Jersey,"Sir Philip Carteret, 2nd Baronet",789753711
28242,Abkhazia,Bagrat Shinkuba,789818648
28243,Abkhazia,Samson Chanba,789818730
28318,Montserratian,John Kemys Spencer-Churchill,789918293
28334,Guernsey,Gavin St Pier,789938377
28347,Chechen,Aslambek Aslakhanov,789949907
28350,South Ossetian,Aslanbek Bulatsev,789950396
28601,Rhodesian,Howard Unwin Moffat,790010191
28860,Carniolan,Philipp von Cobenzl,790213148
28889,Ivorian,Aya Virginie Toure,790279945
29092,Jersey,"Henry Carteret, 1st Baron Carteret",790484914
29199,Montserratian,Reuben Meade,790614135
29219,Tokelauan,Salesio Lui,790644183
29220,Tokelauan,Kuresa Nasau,790644216
29223,Tokelauan,Patuki Isaako,790644404
29226,Tokelauan,Kolouei O'Brien,790647368
29394,Pitcairn Islands,List of high commissioners of the United Kingdom to New Zealand,790881651
29560,Guernsey,Francis Weston,791169532
29570,Ivorian,Bernard Zadi Zaourou,791177695
29654,Pitcairn Islands,Betty Christian,791265995
30023,Chechen,Ruslan Khasbulatov,791803238
30176,Montserratian,Wilfred Bennett Davidson-Houston,791981452
30189,Somaliland,List of Presidents of Somaliland,792010538
30295,Cape Colony,Philip Edmond Wodehouse,792178662
30449,Guernsey,Richard Collas,792424069
30515,Jersey,Frank Walker (Jersey politician),792567273
30531,Faroese,Annika Olsen,792595685
30716,Dagestani,Magomedsalam Magomedov,792949749
30750,South African Republic,"Heroes' Acre, Pretoria",793010122
30917,Jersey,Carolyn Labey,793221391
30949,Faroese,Páll á Reynatúgvu,793276089
30950,Faroese,Atli Dam,793277402
31005,Faroese,Henrik Old,793353435
31008,Guernsey,Victor Carey,793355768
31039,Faroese,Marita Petersen,793394960
31048,Jersey,Cecil Stanley Harrison,793405839
31248,Cape Colony,Charles Aken Fairbridge,793643575
31283,Ivorian,Charles Konan Banny,793682835
31408,Montserratian,Elizabeth Carriere,793896767
31592,Chechen,Sergey Abramov (politician),794171049
31612,Cape Colony,William Howley Goodenough,794193433
31613,Ivorian,Christine Adjobi,794194775
31697,Cape Colony,George Thomas Napier,794346758
31819,Rhodesian,Ken Flower,794528943
31876,South African Republic,"Clarens, Switzerland",794593079
31973,Cape Colony,William Butler (British Army officer),794705198
32048,Cook Island,Robert Wigmore,794802546
32049,Cook Island,Pukeiti Pukeiti,794802590
32096,Chechen,Malik Saidullaev,794893770
32118,Pitcairn Islands,Meralda Warren,794905581
32291,Jersey,List of Bailiffs of Jersey,795069319
32454,Rhodesian,Andrew Skeen (Rhodesia),795348776
32468,Rhodesian,Hugh Beadle,795369277
32539,Rhodesian,Hugh Marshall Hole,795483112
32714,Cape Colony,"Sir George Yonge, 5th Baronet",795625420
32717,Tokelauan,Afega Gaualofa,795631781
32718,Tokelauan,Siopili Perez,795633170
32730,Pitcairn Islands,Victoria Treadell,795649021
32741,South Ossetian,President of South Ossetia,795669553
32743,Jersey,John Le Couteur,795676915
33081,Jersey,Jim Perchard,796095584
33124,Faroese,Pauli Ellefsen,796170338
33125,Jersey,Bryan Ian Le Marquand,796170389
33126,Faroese,Rasmus Rasmussen (writer),796170437
33151,Pitcairn Islands,Charles Richard Parkin Christian,796203049
33152,Pitcairn Islands,Warren Clive Christian,796203180
33153,Pitcairn Islands,Jay Warren,796203252
33276,Cape Colony,Christoffel Brand,796352977
33455,Pitcairn Islands,Robert Alston,796592041
33510,Cape Colony,Henry Barkly,796646347
33630,Niuean,Togia Sioneholo,796747380
33760,Dagestani,Sagid Murtazaliev,796896055
33818,Ossetian,Alla Dzhioyeva,796950389
33896,Cape Colony,Lord Charles Somerset,797029963
34012,Ivorian,Charles Blé Goudé,797168824
34042,Chechen,Akhmed Zakayev,797214106
34060,Pitcairn Islands,Butterworth Stavely,797221428
34108,Chechen,Sheikh Mansur,797258871
34144,Cook Island,John Henry (Cook Islands politician),797303432
34145,Cook Island,Geoffrey Henry,797303508
34146,Cook Island,Albert Henry (politician),797303536
34162,Rhodesian,Roy Welensky,797314307
34236,Rhodesian,Abel Muzorewa,797407618
34275,Faroese,Peter Mohr Dam,797450160
34312,Faroese,Knút Wang,797493287
34314,Faroese,Sjúrður Skaale,797493405
34366,Rhodesian,Signatories of Rhodesia's Unilateral Declaration of Independence,797546082
34523,Jersey,Andrew Green (Jersey politician),797693636
34571,Cape Colony,Benjamin D'Urban,797735815
34572,Ivorian,Sékou Sanogo,797736207
34576,Ivorian,Paul Antoine Bohoun Bouabré,797737768
34584,Jersey,Geraint Jennings,797746493
34598,Niuean,Premier of Niue,797757076
34678,South Ossetian,Prime Minister of South Ossetia,797825875
34799,Cape Colony,John Charles Molteno,797978795
34943,Cape Colony,"George Macartney, 1st Earl Macartney",798165649
34998,Jersey,Ian Gorst,798244483
35022,Montserratian,"Government House, Montserrat",798265888
35061,Guernsey,Daniel de Lisle Brock,798315235
35143,Cape Colony,William Porter (Attorney General),798383131
35144,Rhodesian,Jack Howman,798384751
35302,Rhodesian,Ethel Tawse Jollie,798492985
35395,Chechen,Ali Mitayev,798580067
35501,Abkhazia,Efrem Eshba,798644673
35533,Somaliland,Dahir Riyale Kahin,798692052
35571,Cape Colony,David Tennant (politician),798742813
35941,Ivorian,Léon Konan Koffi,799061508
36065,Tokelauan,David Payton,799209983
36188,Montserratian,Donaldson Romeo,799317293
36210,Rhodesian,Alan David Butler,799332728
36215,South Ossetian,Leonid Tibilov,799335775
36252,Cape Colony,Andries Stockenström,799373837
36375,Cape Colony,"Sir Harry Smith, 1st Baronet",799472552
36386,Ivorian,Paul Yao N'Dré,799484902
36424,Jersey,George Carteret,799514955
36483,Rhodesian,Jack William Pithey,799548505
36484,Rhodesian,President of Rhodesia,799548556
36487,Pitcairn Islands,Gerard Bromley Robert Christian,799551777
36488,Pitcairn Islands,Ivan Christian,799551778
36489,Pitcairn Islands,Pervis Ferris Young,799551779
36490,Pitcairn Islands,Thursday October Christian II,799551780
36491,Pitcairn Islands,Brenda Christian,799551784
36569,Rhodesian,Denis Walker,799608339
36577,Abkhazia,Garri Aiba,799618550
36705,Cook Island,Jim Marurai,799769949
36811,Ivorian,Daniel Kablan Duncan,799873303
37072,Ivorian,Augustin Thiam,800116906
37096,Pitcairn Islands,Shawn Christian (mayor),800137512
37140,Cape Colony,Charles Henry Darling,800159179
37158,Ivorian,Simone Gbagbo,800169882
37538,Rhodesian,James Cowden,800407772
37545,Rhodesian,Herbert Chitepo,800416336
37633,Rhodesian,Thomas Nangle,800479460
37646,South African Republic,"Statue of Paul Kruger, Church Square",800488968
37838,Jersey,Stuart Syvret,800714278
37857,Faroese,Høgni Hoydal,800723683
37898,Ivorian,Henriette Diabaté,800750399
37913,Cape Colony,John Paterson (Cape politician),800767317
38139,Rhodesian,Timothy Stamps,800986051
38180,Chechen,Turpal-Ali Atgeriyev,801036587
38227,South Ossetian,Eduard Kokoity,801087048
38343,Jersey,Edward Trevor (Jersey),801172575
38347,Montserratian,Premier of Montserrat,801175821
38349,Pitcairn Islands,List of rulers of the Pitcairn Islands,801175970
38540,Ivorian,Félix Houphouët-Boigny,801282263
38544,Jersey,Philip Ozouf Jr,801284949
38675,Cape Colony,John X. Merriman,801351302
38709,Tokelauan,Head of Government of Tokelau,801375710
38768,Cape Colony,Mpilo Walter Benson Rubusana,801417570
38985,South Ossetian,Dmitry Sanakoyev,801560549
39030,Incan,Túpac Amaru,801587917
39078,Tokelauan,Falima Teao,801630990
39095,Faroese,Kristina Háfoss,801638146
39162,Rhodesian,Sam Levy,801716406
39164,Rhodesian,Humphrey Gibbs,801718040
39226,Rhodesian,P. K. van der Byl,801795215
39292,Cape Colony,Henry Hugh Clifford,801856640
39314,Rhodesian,Clifford Dupont,801876681
39315,South African Republic,Krugersdorp,801877418
39383,Cape Colony,James Tennant Molteno,801935094
39484,Abkhazia,Zhiuli Shartava,802029007
39500,Ivorian,List of heads of government of Ivory Coast,802048749
39604,Rhodesian,Lance Smith (politician),802151785
39788,Ivorian,Michel Amani N'Guessan,802374350
39819,Guernsey,Richard Weston (treasurer),802409654
40035,Faroese,Sirið Stenberg,802476681
40063,Faroese,Eyðgunn Samuelsen,802515495
40091,Jersey,Peter Crill,802532217
40238,Chechen,Akhmad Kadyrov,802665757
40513,South Ossetian,Vadim Brovtsev,802882186
40521,Ivorian,Jeanne Gervais,802893546
40522,Ivorian,Gladys Anoma,802893568
40530,Jersey,"John Carteret, 2nd Earl Granville",802912550
40555,Faroese,Edva Jacobsen,802925425
40560,Rhodesian,Desmond Lardner-Burke,802930161
40590,Chechen,Dzhokhar Dudayev,802950350
40638,Abkhazia,Yuri Voronov,803018106
40759,Faroese,Aksel V. Johannesen,803145744
40791,Chechen,Ilyas Akhmadov,803177211
40792,Cape Colony,Leander Starr Jameson,803177433
40885,Cape Colony,Henry Bartle Frere,803288472
40901,Cape Colony,"Hercules Robinson, 1st Baron Rosmead",803303116
40977,Niuean,Toke Talagi,803392432
41001,Jersey,Darius J. Pearce,803416400
41065,Chechen,Ruslan Gelayev,803469952
41181,Incan,Pachacuti,803601556
41188,Dagestani,Head of the Republic of Dagestan,803611453
41201,Cape Colony,"Henry Loch, 1st Baron Loch",803618569
41204,Rhodesian,John Bredenkamp,803620246
41236,Faroese,Djóni í Geil,803656387
41422,Ivorian,Robert Guéï,803820918
41425,Ivorian,List of heads of state of Ivory Coast,803821448
41515,Cape Colony,Francis Dundas,803908887
41594,Ivorian,Francis Wodié,803941004
41688,Niuean,Frank Lui,804027488
41699,Rhodesian,Frank Rhodes (British Army officer),804040348
41791,Rhodesian,Ernest Lucas Guest,804101492
41803,Ivorian,List of vice-presidents of Ivory Coast,804108433
41863,Somaliland,Adan Ahmed Elmi,804143605
41984,South African Republic,Ben Viljoen,804250196
42018,Chechen,President of Ichkeria,804275742
42020,Chechen,Said-Khasanom Abumuslimov,804276832
42021,Chechen,Vakha Arsanov,804276940
42022,Cape Colony,Lowry Cole,804277547
42023,Chechen,Shamil Basayev,804277603
42024,Chechen,Supyan Abdullayev,804277842
42031,Chechen,Zelimkhan Yandarbiyev,804279009
42032,Chechen,Aslan Maskhadov,804279119
42033,Chechen,Abdul-Halim Sadulayev,804279165
42034,Chechen,Dokka Umarov,804279341
42138,Cape Colony,"Sir David Baird, 1st Baronet",804362436
42147,Jersey,Alan Simon Crowcroft,804372746
42192,Faroese,Elsebeth Mercedis Gunnleygsdóttur,804422035
42284,Cape Colony,James Rose Innes,804497413
42327,Incan,Túpac Katari,804527512
42335,Guernsey,Havilland de Sausmarez,804532628
42372,Chechen,Tapa Tchermoeff,804557776
42433,Ossetian,Vyacheslav Bitarov,804609656
42434,Ossetian,Tamerlan Aguzarov,804609900
42464,Rhodesian,Godfrey Chidyausiku,804650400
42527,South African Republic,Krugerrand,804713000
42564,Rhodesian,Richard Hope Hall,804743937
42621,Rhodesian,Crosaire,804806363
42719,Rhodesian,Gaston Thornicroft,804877226
43060,Ivorian,Amadou Gon Coulibaly,805044583
43087,Abkhazia,Gennadi Berulava,805063877
43178,Jersey,William Bailhache,805135198
43179,Jersey,Michael Birt (barrister),805136001
43180,Jersey,Frank Ereaut,805136113
43181,Jersey,Robert Pipon Marett,805136184
43228,Cape Colony,Nicolaas Frederic de Waal,805157563
43524,Rhodesian,"James Graham, 7th Duke of Montrose",805372073
43700,Incan,Hilaria Supa,805475200
43741,Jersey,Freddie Cohen,805499715
43968,Cook Island,Pa Tepaeru Terito Ariki,805657875
43993,Cape Colony,"John Charles Molteno, Jr.",805678535
44096,Guernsey,Edmund Andros,805755298
44123,Abkhazia,Guram Gabiskiria,805775169
44157,Chechen,Umar Dzhabrailov,805794113
44236,Somaliland,Muhammad Haji Ibrahim Egal,805840190
44292,Chechen,Ramzan Kadyrov,805869321
44297,Rojava,Hediya Yousef,805873719
44298,Rojava,Mansur Selum,805873803
44374,South African Republic,Kruger National Park,805927999
44426,Rhodesian,Ahrn Palley,805960143
44433,Cape Colony,"Alfred Milner, 1st Viscount Milner",805962015
44440,Abkhazia,Nestor Lakoba,805967589
44499,Faroese,Annita á Fríðriksmørk,806011231
44690,Rhodesian,Allan Savory,806153816
44827,Ivorian,Alassane Ouattara,806218350
44881,Tokelauan,Jonathan Kings,806257719
44883,Tokelauan,Administrator of Tokelau,806258588
44919,Ivorian,Hortense Aka-Anghui,806287770
45041,Cape Colony,Gordon Sprigg,806340214
45166,Montserratian,Governor of Montserrat,806415676
45178,Ivorian,Dagobert Banzio,806421729
45354,Rhodesian,Ian Smith,806532780
45409,Greenlandic,Mimi Karlsen,806560929
45549,Cape Colony,Cecil Rhodes,806647373
45582,Niuean,Joan Viliamu,806666816
45690,Montserratian,Tony Abbott (governor),806730593
45701,Cook Island,Tom Marsters,806739780
45758,Incan,Túpac Amaru II,806761543
45898,Ossetian,Anatoly Bibilov,806832826
46042,Faroese,Katrin Kallsberg,806909915
46113,Ivorian,Guillaume Soro,806973935
46295,Rhodesian,Garfield Todd,807097467
46410,Ivorian,Laurent Gbagbo,807159456
46412,Rhodesian,Douglas Hamilton Ritchie,807159903
46414,Rhodesian,Godfrey Huggins,807160082
46474,Chechen,Idris Gaibov,807180397
46660,South African Republic,Piet Joubert,807269619
46684,Rhodesian,George Hackwill,807283218
46701,Cape Colony,George Grey,807290539
46709,Ivorian,Patrick Achi,807296683
46710,Faroese,H. C .W. Tórgarð,807297374
46765,Cape Colony,Peregrine Maitland,807330872
46824,Chechen,Ruslan Alikhadzhiyev,807354708
46946,Cape Colony,Thomas Francis Wade,807401513
47017,Rhodesian,Henry Everard,807425613
47019,Rhodesian,John Wrathall,807425747
47096,Chechen,Ruslan Yamadayev,807454176
